event_id,payment_id,order_id,method,amount,previous_status,new_status,event_timestamp
PAYEVT-000074,PAY-000037,ORD-000037,credit_card,618.02,pending,approved,2026-07-02 09:21:11
PAYEVT-000031,PAY-000016,ORD-000016,credit_card,212.54,,pending,2026-06-06 22:44:10
PAYEVT-000229,PAY-000115,ORD-000115,cash,631.23,,pending,2026-07-28 09:03:15
PAYEVT-000239,PAY-000120,ORD-000120,debit_card,502.12,,pending,2025-10-30 04:44:54
PAYEVT-000260,PAY-000130,ORD-000130,pse,480.38,pending,approved,2026-02-10 16:35:36
PAYEVT-000165,PAY-000083,ORD-000083,credit_card,166.04,,pending,2025-09-26 06:50:27
PAYEVT-000198,PAY-000099,ORD-000099,credit_card,232.2,pending,approved,2026-06-12 01:50:12
PAYEVT-000228,PAY-000114,ORD-000114,debit_card,1470.56,pending,approved,2026-02-08 05:02:54
PAYEVT-000275,PAY-000138,ORD-000138,cash,600.75,,pending,2026-08-11 11:29:42
PAYEVT-000059,PAY-000030,ORD-000030,debit_card,980.25,,pending,2026-05-04 17:23:36
PAYEVT-000203,PAY-000102,ORD-000102,credit_card,1035.55,,pending,2026-05-29 19:12:12
PAYEVT-000174,PAY-000087,ORD-000087,cash,1142.51,pending,approved,2026-05-17 18:52:31
PAYEVT-000237,PAY-000119,ORD-000119,digital_wallet,612.32,,pending,2025-11-05 14:47:53
PAYEVT-000083,PAY-000042,ORD-000042,digital_wallet,1102.17,,pending,2026-08-06 04:24:28
PAYEVT-000284,PAY-000142,ORD-000142,pse,629.36,pending,approved,2026-08-14 06:51:57
PAYEVT-000298,PAY-000149,ORD-000149,cash,650.1,pending,approved,2026-07-28 18:22:15
PAYEVT-000121,PAY-000061,ORD-000061,credit_card,400.5,,pending,2026-01-03 23:41:37
PAYEVT-000158,PAY-000079,ORD-000079,pse,503.26,pending,approved,2026-04-19 15:48:45
PAYEVT-000231,PAY-000116,ORD-000116,debit_card,128.67,,pending,2026-01-19 06:59:38
PAYEVT-000019,PAY-000010,ORD-000010,credit_card,936.47,,pending,2026-05-13 21:48:00
PAYEVT-000062,PAY-000031,ORD-000031,debit_card,1303.74,pending,refunded,2026-02-28 12:56:23
PAYEVT-000012,PAY-000006,ORD-000006,debit_card,325.42,pending,approved,2026-07-28 14:13:20
PAYEVT-000170,PAY-000085,ORD-000085,credit_card,152.58,pending,rejected,2025-06-07 07:31:34
PAYEVT-000166,PAY-000083,ORD-000083,credit_card,166.04,pending,approved,2025-09-28 00:45:27
PAYEVT-000218,PAY-000109,ORD-000109,cash,309.25,pending,approved,2026-05-13 17:44:17
PAYEVT-000223,PAY-000112,ORD-000112,credit_card,815.42,,pending,2025-09-26 09:41:03
PAYEVT-000101,PAY-000051,ORD-000051,pse,754.94,,pending,2026-06-03 18:50:07
PAYEVT-000090,PAY-000045,ORD-000045,digital_wallet,1064.51,pending,approved,2026-02-23 00:16:09
PAYEVT-000118,PAY-000059,ORD-000059,debit_card,333.69,pending,approved,2026-04-20 00:22:42
PAYEVT-000086,PAY-000043,ORD-000043,credit_card,1184.24,pending,approved,2025-12-21 07:25:50
PAYEVT-000013,PAY-000007,ORD-000007,pse,969.88,,pending,2026-01-07 10:45:28
PAYEVT-000293,PAY-000147,ORD-000147,digital_wallet,429.24,,pending,2026-05-23 14:33:42
PAYEVT-000028,PAY-000014,ORD-000014,debit_card,203.48,pending,approved,2025-12-23 14:05:43
PAYEVT-000060,PAY-000030,ORD-000030,debit_card,980.25,pending,rejected,2026-05-06 12:54:36
PAYEVT-000030,PAY-000015,ORD-000015,cash,359.34,pending,approved,2026-08-07 05:21:29
PAYEVT-000140,PAY-000070,ORD-000070,pse,196.66,pending,approved,2026-08-11 22:34:40
PAYEVT-000108,PAY-000054,ORD-000054,pse,375.92,pending,approved,2026-08-16 06:44:54
PAYEVT-000188,PAY-000094,ORD-000094,debit_card,1418.79,pending,approved,2025-11-13 11:36:49
PAYEVT-000128,PAY-000064,ORD-000064,pse,407.5,pending,approved,2026-08-01 02:15:09
PAYEVT-000207,PAY-000104,ORD-000104,pse,367.47,,pending,2026-04-16 08:34:28
PAYEVT-000230,PAY-000115,ORD-000115,cash,631.23,pending,approved,2026-07-28 15:43:15
PAYEVT-000187,PAY-000094,ORD-000094,debit_card,1418.79,,pending,2025-11-10 23:15:49
PAYEVT-000106,PAY-000053,ORD-000053,pse,414.84,pending,approved,2026-07-31 03:50:46
PAYEVT-000209,PAY-000105,ORD-000105,cash,992.19,,pending,2026-06-30 18:11:56
PAYEVT-000091,PAY-000046,ORD-000046,cash,915.94,,pending,2026-05-21 08:12:23
PAYEVT-000234,PAY-000117,ORD-000117,debit_card,884.78,pending,approved,2026-08-05 03:02:31
PAYEVT-000164,PAY-000082,ORD-000082,pse,346.85,pending,approved,2025-12-07 08:49:58
PAYEVT-000103,PAY-000052,ORD-000052,cash,1321.62,,pending,2026-07-01 23:27:13
PAYEVT-000205,PAY-000103,ORD-000103,cash,985.66,,pending,2026-08-15 08:52:53
PAYEVT-000005,PAY-000003,ORD-000003,pse,472.12,,pending,2026-07-25 02:53:03
PAYEVT-000168,PAY-000084,ORD-000084,debit_card,362.75,pending,approved,2025-10-16 13:32:33
PAYEVT-000259,PAY-000130,ORD-000130,pse,480.38,,pending,2026-02-10 05:46:36
PAYEVT-000052,PAY-000026,ORD-000026,digital_wallet,135.72,pending,approved,2026-02-04 19:27:20
PAYEVT-000182,PAY-000091,ORD-000091,digital_wallet,435.04,pending,approved,2026-07-27 01:13:36
PAYEVT-000081,PAY-000041,ORD-000041,debit_card,251.63,,pending,2026-05-30 12:57:11
PAYEVT-000010,PAY-000005,ORD-000005,debit_card,407.1,pending,approved,2026-07-20 02:55:09
PAYEVT-000245,PAY-000123,ORD-000123,cash,361.95,,pending,2026-07-19 16:56:42
PAYEVT-000017,PAY-000009,ORD-000009,digital_wallet,462.72,,pending,2026-08-16 00:30:56
PAYEVT-000139,PAY-000070,ORD-000070,pse,196.66,,pending,2026-08-08 22:57:40
PAYEVT-000071,PAY-000036,ORD-000036,digital_wallet,652.87,,pending,2026-04-22 18:46:46
PAYEVT-000001,PAY-000001,ORD-000001,pse,425.08,,pending,2026-07-30 19:56:48
PAYEVT-000178,PAY-000089,ORD-000089,digital_wallet,973.55,pending,approved,2026-02-01 22:39:28
PAYEVT-000160,PAY-000080,ORD-000080,cash,840.87,pending,approved,2026-02-07 14:25:34
PAYEVT-000112,PAY-000056,ORD-000056,digital_wallet,452.41,pending,approved,2025-07-06 18:03:32
PAYEVT-000063,PAY-000032,ORD-000032,digital_wallet,798.49,,pending,2025-10-04 07:29:47
PAYEVT-000243,PAY-000122,ORD-000122,digital_wallet,859.74,,pending,2026-05-04 02:08:43
PAYEVT-000132,PAY-000066,ORD-000066,debit_card,1229.79,pending,approved,2025-11-02 07:20:51
PAYEVT-000162,PAY-000081,ORD-000081,pse,790.23,pending,approved,2025-06-30 02:18:33
PAYEVT-000147,PAY-000074,ORD-000074,debit_card,995.17,,pending,2025-08-13 20:06:57
PAYEVT-000089,PAY-000045,ORD-000045,digital_wallet,1064.51,,pending,2026-02-22 00:36:09
PAYEVT-000173,PAY-000087,ORD-000087,cash,1142.51,,pending,2026-05-15 15:50:31
PAYEVT-000126,PAY-000063,ORD-000063,cash,54.06,pending,approved,2026-04-27 00:32:51
PAYEVT-000202,PAY-000101,ORD-000101,pse,264.85,pending,approved,2026-05-20 05:01:30
PAYEVT-000040,PAY-000020,ORD-000020,cash,1293.26,pending,approved,2025-10-21 20:35:37
PAYEVT-000079,PAY-000040,ORD-000040,debit_card,370.09,,pending,2026-07-29 20:06:22
PAYEVT-000096,PAY-000048,ORD-000048,pse,1068.79,pending,approved,2026-07-03 02:25:34
PAYEVT-000113,PAY-000057,ORD-000057,digital_wallet,155.26,,pending,2026-03-07 10:26:08
PAYEVT-000291,PAY-000146,ORD-000146,cash,743.85,,pending,2026-06-22 17:46:57
PAYEVT-000018,PAY-000009,ORD-000009,digital_wallet,462.72,pending,approved,2026-08-17 00:00:00
PAYEVT-000263,PAY-000132,ORD-000132,credit_card,293.99,,pending,2026-05-31 15:12:10
PAYEVT-000283,PAY-000142,ORD-000142,pse,629.36,,pending,2026-08-12 12:06:57
PAYEVT-000124,PAY-000062,ORD-000062,cash,1854.52,pending,rejected,2026-08-10 00:13:55
PAYEVT-000043,PAY-000022,ORD-000022,digital_wallet,1208.06,,pending,2025-10-20 15:38:36
PAYEVT-000094,PAY-000047,ORD-000047,pse,325.33,pending,approved,2025-07-03 15:54:34
PAYEVT-000264,PAY-000132,ORD-000132,credit_card,293.99,pending,approved,2026-05-31 20:37:10
PAYEVT-000176,PAY-000088,ORD-000088,cash,227.16,pending,approved,2026-08-08 11:36:39
PAYEVT-000006,PAY-000003,ORD-000003,pse,472.12,pending,approved,2026-07-27 10:21:03
PAYEVT-000254,PAY-000127,ORD-000127,pse,298.85,pending,approved,2026-02-12 15:57:29
PAYEVT-000039,PAY-000020,ORD-000020,cash,1293.26,,pending,2025-10-19 18:37:37
PAYEVT-000111,PAY-000056,ORD-000056,digital_wallet,452.41,,pending,2025-07-06 03:07:32
PAYEVT-000225,PAY-000113,ORD-000113,digital_wallet,1199.85,,pending,2026-06-07 01:37:36
PAYEVT-000068,PAY-000034,ORD-000034,cash,230.38,pending,approved,2026-06-10 08:24:49
PAYEVT-000151,PAY-000076,ORD-000076,digital_wallet,1002.62,,pending,2026-05-23 07:01:34
PAYEVT-000120,PAY-000060,ORD-000060,cash,975.33,pending,approved,2026-06-06 05:13:13
PAYEVT-000035,PAY-000018,ORD-000018,credit_card,1274.86,,pending,2026-05-26 05:22:42
PAYEVT-000261,PAY-000131,ORD-000131,cash,497.49,,pending,2026-08-14 00:53:04
PAYEVT-000181,PAY-000091,ORD-000091,digital_wallet,435.04,,pending,2026-07-24 23:48:36
PAYEVT-000193,PAY-000097,ORD-000097,cash,516.48,,pending,2026-08-12 07:16:50
PAYEVT-000212,PAY-000106,ORD-000106,pse,577.3,pending,approved,2026-05-27 07:16:49
PAYEVT-000288,PAY-000144,ORD-000144,debit_card,300.18,pending,approved,2026-08-14 03:11:47
PAYEVT-000271,PAY-000136,ORD-000136,credit_card,695.62,,pending,2026-03-24 02:57:29
PAYEVT-000020,PAY-000010,ORD-000010,credit_card,936.47,pending,approved,2026-05-14 17:04:00
PAYEVT-000015,PAY-000008,ORD-000008,cash,1227.79,,pending,2026-08-11 01:58:22
PAYEVT-000092,PAY-000046,ORD-000046,cash,915.94,pending,approved,2026-05-23 08:36:23
PAYEVT-000215,PAY-000108,ORD-000108,credit_card,433.4,,pending,2025-04-10 19:56:26
PAYEVT-000297,PAY-000149,ORD-000149,cash,650.1,,pending,2026-07-26 18:15:15
PAYEVT-000045,PAY-000023,ORD-000023,credit_card,1201.71,,pending,2026-02-16 17:28:17
PAYEVT-000175,PAY-000088,ORD-000088,cash,227.16,,pending,2026-08-05 19:17:39
PAYEVT-000107,PAY-000054,ORD-000054,pse,375.92,,pending,2026-08-14 19:42:54
PAYEVT-000155,PAY-000078,ORD-000078,credit_card,730.0,,pending,2026-03-29 07:26:00
PAYEVT-000133,PAY-000067,ORD-000067,credit_card,928.15,,pending,2026-06-06 17:12:33
PAYEVT-000109,PAY-000055,ORD-000055,cash,279.87,,pending,2026-07-02 06:25:00
PAYEVT-000268,PAY-000134,ORD-000134,cash,1201.18,pending,approved,2025-09-15 13:26:08
PAYEVT-000042,PAY-000021,ORD-000021,cash,308.48,pending,approved,2026-04-12 10:46:06
PAYEVT-000080,PAY-000040,ORD-000040,debit_card,370.09,pending,approved,2026-08-01 05:18:22
PAYEVT-000292,PAY-000146,ORD-000146,cash,743.85,pending,approved,2026-06-25 13:58:57
PAYEVT-000148,PAY-000074,ORD-000074,debit_card,995.17,pending,approved,2025-08-15 12:24:57
PAYEVT-000169,PAY-000085,ORD-000085,credit_card,152.58,,pending,2025-06-05 15:13:34
PAYEVT-000123,PAY-000062,ORD-000062,cash,1854.52,,pending,2026-08-07 07:15:55
PAYEVT-000115,PAY-000058,ORD-000058,credit_card,567.7,,pending,2026-03-14 19:51:30
PAYEVT-000100,PAY-000050,ORD-000050,pse,748.84,pending,approved,2026-05-10 05:31:33
PAYEVT-000270,PAY-000135,ORD-000135,pse,637.62,pending,approved,2026-05-29 07:24:26
PAYEVT-000009,PAY-000005,ORD-000005,debit_card,407.1,,pending,2026-07-17 11:29:09
PAYEVT-000246,PAY-000123,ORD-000123,cash,361.95,pending,approved,2026-07-21 15:59:42
PAYEVT-000195,PAY-000098,ORD-000098,digital_wallet,174.34,,pending,2025-12-21 05:18:35
PAYEVT-000029,PAY-000015,ORD-000015,cash,359.34,,pending,2026-08-04 09:25:29
PAYEVT-000032,PAY-000016,ORD-000016,credit_card,212.54,pending,rejected,2026-06-09 19:46:10
PAYEVT-000185,PAY-000093,ORD-000093,digital_wallet,1006.5,,pending,2026-06-29 01:56:26
PAYEVT-000056,PAY-000028,ORD-000028,credit_card,185.06,pending,approved,2026-01-01 10:26:59
PAYEVT-000295,PAY-000148,ORD-000148,pse,265.09,,pending,2026-05-28 17:09:44
PAYEVT-000180,PAY-000090,ORD-000090,debit_card,920.76,pending,approved,2025-09-13 12:29:13
PAYEVT-000049,PAY-000025,ORD-000025,credit_card,1164.99,,pending,2025-12-04 22:18:01
PAYEVT-000258,PAY-000129,ORD-000129,digital_wallet,7.75,pending,approved,2026-08-07 11:21:07
PAYEVT-000189,PAY-000095,ORD-000095,credit_card,1215.21,,pending,2026-06-27 03:47:54
PAYEVT-000034,PAY-000017,ORD-000017,cash,838.06,pending,approved,2026-08-10 22:28:23
PAYEVT-000036,PAY-000018,ORD-000018,credit_card,1274.86,pending,approved,2026-05-28 21:39:42
PAYEVT-000219,PAY-000110,ORD-000110,digital_wallet,650.1,,pending,2026-06-04 18:11:00
PAYEVT-000064,PAY-000032,ORD-000032,digital_wallet,798.49,pending,approved,2025-10-07 05:06:47
PAYEVT-000233,PAY-000117,ORD-000117,debit_card,884.78,,pending,2026-08-04 19:18:31
PAYEVT-000289,PAY-000145,ORD-000145,pse,1398.63,,pending,2026-07-16 13:04:14
PAYEVT-000067,PAY-000034,ORD-000034,cash,230.38,,pending,2026-06-08 11:09:49
PAYEVT-000159,PAY-000080,ORD-000080,cash,840.87,,pending,2026-02-06 01:56:34
PAYEVT-000100,PAY-000050,ORD-000050,pse,748.84,pending,approved,2026-05-10 05:31:33
PAYEVT-000249,PAY-000125,ORD-000125,cash,628.86,,pending,2025-11-01 21:05:39
PAYEVT-000211,PAY-000106,ORD-000106,pse,577.3,,pending,2026-05-25 01:35:49
PAYEVT-000048,PAY-000024,ORD-000024,digital_wallet,1252.41,pending,approved,2025-04-30 11:20:52
PAYEVT-000052,PAY-000026,ORD-000026,digital_wallet,135.72,pending,approved,2026-02-04 19:27:20
PAYEVT-000221,PAY-000111,ORD-000111,cash,855.04,,pending,2026-03-13 09:17:54
PAYEVT-000041,PAY-000021,ORD-000021,cash,308.48,,pending,2026-04-12 03:45:06
PAYEVT-000022,PAY-000011,ORD-000011,credit_card,897.27,pending,approved,2026-03-28 19:08:53
PAYEVT-000102,PAY-000051,ORD-000051,pse,754.94,pending,approved,2026-06-05 22:42:07
PAYEVT-000070,PAY-000035,ORD-000035,credit_card,1187.63,pending,approved,2026-07-04 02:11:37
PAYEVT-000054,PAY-000027,ORD-000027,digital_wallet,552.44,pending,approved,2026-03-29 15:16:05
PAYEVT-000138,PAY-000069,ORD-000069,credit_card,946.37,pending,approved,2026-08-08 14:22:48
PAYEVT-000025,PAY-000013,ORD-000013,pse,1877.21,,pending,2026-03-05 03:11:42
PAYEVT-000251,PAY-000126,ORD-000126,digital_wallet,1330.8,,pending,2026-06-13 17:58:01
PAYEVT-000135,PAY-000068,ORD-000068,debit_card,1163.16,,pending,2026-08-02 12:34:27
PAYEVT-000250,PAY-000125,ORD-000125,cash,628.86,pending,approved,2025-11-02 22:13:39
PAYEVT-000117,PAY-000059,ORD-000059,debit_card,333.69,,pending,2026-04-18 03:15:42
PAYEVT-000172,PAY-000086,ORD-000086,pse,497.49,pending,approved,2026-06-23 10:19:28
PAYEVT-000143,PAY-000072,ORD-000072,cash,497.28,,pending,2026-07-13 13:01:04
PAYEVT-000248,PAY-000124,ORD-000124,cash,314.6,pending,approved,2025-11-26 08:02:39
PAYEVT-000257,PAY-000129,ORD-000129,digital_wallet,7.75,,pending,2026-08-06 02:10:07
PAYEVT-000224,PAY-000112,ORD-000112,credit_card,815.42,pending,approved,2025-09-28 18:57:03
PAYEVT-000057,PAY-000029,ORD-000029,cash,514.18,,pending,2026-08-16 21:37:17
PAYEVT-000062,PAY-000031,ORD-000031,debit_card,1303.74,pending,refunded,2026-02-28 12:56:23
PAYEVT-000299,PAY-000150,ORD-000150,debit_card,1221.25,,pending,2026-06-16 10:05:36
PAYEVT-000186,PAY-000093,ORD-000093,digital_wallet,1006.5,pending,approved,2026-06-29 22:25:26
PAYEVT-000085,PAY-000043,ORD-000043,credit_card,1184.24,,pending,2025-12-20 03:05:50
PAYEVT-000190,PAY-000095,ORD-000095,credit_card,1215.21,pending,approved,2026-06-29 22:33:54
PAYEVT-000115,PAY-000058,ORD-000058,credit_card,567.7,,pending,2026-03-14 19:51:30
PAYEVT-000280,PAY-000140,ORD-000140,pse,1392.25,pending,approved,2025-12-28 13:57:13
PAYEVT-000262,PAY-000131,ORD-000131,cash,497.49,pending,approved,2026-08-15 02:55:04
PAYEVT-000119,PAY-000060,ORD-000060,cash,975.33,,pending,2026-06-05 10:25:13
PAYEVT-000290,PAY-000145,ORD-000145,pse,1398.63,pending,approved,2026-07-17 20:30:14
PAYEVT-000171,PAY-000086,ORD-000086,pse,497.49,,pending,2026-06-22 16:03:28
PAYEVT-000146,PAY-000073,ORD-000073,pse,862.55,pending,approved,2026-04-08 00:19:57
PAYEVT-000199,PAY-000100,ORD-000100,debit_card,226.23,,pending,2025-12-12 10:31:48
PAYEVT-000269,PAY-000135,ORD-000135,pse,637.62,,pending,2026-05-28 05:26:26
PAYEVT-000055,PAY-000028,ORD-000028,credit_card,185.06,,pending,2025-12-30 12:56:59
PAYEVT-000177,PAY-000089,ORD-000089,digital_wallet,973.55,,pending,2026-01-31 16:48:28
PAYEVT-000276,PAY-000138,ORD-000138,cash,600.75,pending,approved,2026-08-13 07:25:42
PAYEVT-000192,PAY-000096,ORD-000096,credit_card,1013.47,pending,approved,2025-07-11 22:50:45
PAYEVT-000208,PAY-000104,ORD-000104,pse,367.47,pending,approved,2026-04-18 12:08:28
PAYEVT-000183,PAY-000092,ORD-000092,credit_card,1654.82,,pending,2026-06-07 05:16:30
PAYEVT-000232,PAY-000116,ORD-000116,debit_card,128.67,pending,approved,2026-01-21 18:56:38
PAYEVT-000099,PAY-000050,ORD-000050,pse,748.84,,pending,2026-05-08 16:09:33
PAYEVT-000213,PAY-000107,ORD-000107,digital_wallet,196.66,,pending,2026-02-08 11:56:40
PAYEVT-000131,PAY-000066,ORD-000066,debit_card,1229.79,,pending,2025-11-01 07:18:51
PAYEVT-000098,PAY-000049,ORD-000049,pse,232.89,pending,approved,2025-07-02 02:36:54
PAYEVT-000279,PAY-000140,ORD-000140,pse,1392.25,,pending,2025-12-25 18:02:13
PAYEVT-000083,PAY-000042,ORD-000042,digital_wallet,1102.17,,pending,2026-08-06 04:24:28
PAYEVT-000247,PAY-000124,ORD-000124,cash,314.6,,pending,2025-11-23 23:10:39
PAYEVT-000061,PAY-000031,ORD-000031,debit_card,1303.74,,pending,2026-02-26 20:03:23
PAYEVT-000095,PAY-000048,ORD-000048,pse,1068.79,,pending,2026-07-01 09:45:34
PAYEVT-000194,PAY-000097,ORD-000097,cash,516.48,pending,approved,2026-08-14 21:40:50
PAYEVT-000141,PAY-000071,ORD-000071,cash,830.6,,pending,2026-07-26 04:50:15
PAYEVT-000241,PAY-000121,ORD-000121,debit_card,128.67,,pending,2026-06-20 07:57:37
PAYEVT-000149,PAY-000075,ORD-000075,digital_wallet,839.61,,pending,2026-08-13 14:32:57
PAYEVT-000153,PAY-000077,ORD-000077,cash,1063.35,,pending,2026-06-17 14:02:04
PAYEVT-000278,PAY-000139,ORD-000139,pse,1152.43,pending,approved,2026-04-16 15:31:22
PAYEVT-000136,PAY-000068,ORD-000068,debit_card,1163.16,pending,approved,2026-08-04 04:07:27
PAYEVT-000082,PAY-000041,ORD-000041,debit_card,251.63,pending,approved,2026-06-01 21:00:11
PAYEVT-000125,PAY-000063,ORD-000063,cash,54.06,,pending,2026-04-25 09:17:51
PAYEVT-000252,PAY-000126,ORD-000126,digital_wallet,1330.8,pending,approved,2026-06-15 00:46:01
PAYEVT-000294,PAY-000147,ORD-000147,digital_wallet,429.24,pending,rejected,2026-05-25 12:40:42
PAYEVT-000014,PAY-000007,ORD-000007,pse,969.88,pending,refunded,2026-01-09 09:56:28
PAYEVT-000097,PAY-000049,ORD-000049,pse,232.89,,pending,2025-06-29 07:49:54
PAYEVT-000058,PAY-000029,ORD-000029,cash,514.18,pending,approved,2026-08-17 00:00:00
PAYEVT-000267,PAY-000134,ORD-000134,cash,1201.18,,pending,2025-09-13 15:57:08
PAYEVT-000046,PAY-000023,ORD-000023,credit_card,1201.71,pending,approved,2026-02-18 07:41:17
PAYEVT-000222,PAY-000111,ORD-000111,cash,855.04,pending,approved,2026-03-14 11:03:54
PAYEVT-000104,PAY-000052,ORD-000052,cash,1321.62,pending,approved,2026-07-02 19:28:13
PAYEVT-000037,PAY-000019,ORD-000019,pse,346.32,,pending,2026-05-20 23:14:23
PAYEVT-000296,PAY-000148,ORD-000148,pse,265.09,pending,approved,2026-05-31 12:09:44
PAYEVT-000021,PAY-000011,ORD-000011,credit_card,897.27,,pending,2026-03-26 14:40:53
PAYEVT-000273,PAY-000137,ORD-000137,debit_card,1200.32,,pending,2026-07-05 10:45:11
PAYEVT-000226,PAY-000113,ORD-000113,digital_wallet,1199.85,pending,rejected,2026-06-07 03:47:36
PAYEVT-000076,PAY-000038,ORD-000038,digital_wallet,289.19,pending,approved,2026-08-05 03:29:52
PAYEVT-000201,PAY-000101,ORD-000101,pse,264.85,,pending,2026-05-19 20:46:30
PAYEVT-000235,PAY-000118,ORD-000118,debit_card,218.92,,pending,2026-05-06 20:12:12
PAYEVT-000286,PAY-000143,ORD-000143,cash,455.57,pending,approved,2026-07-23 13:34:39
PAYEVT-000081,PAY-000041,ORD-000041,debit_card,251.63,,pending,2026-05-30 12:57:11
PAYEVT-000150,PAY-000075,ORD-000075,digital_wallet,839.61,pending,approved,2026-08-14 14:31:57
PAYEVT-000220,PAY-000110,ORD-000110,digital_wallet,650.1,pending,approved,2026-06-06 04:00:00
PAYEVT-000272,PAY-000136,ORD-000136,credit_card,695.62,pending,refunded,2026-03-26 20:22:29
PAYEVT-000003,PAY-000002,ORD-000002,digital_wallet,497.44,,pending,2026-04-05 08:17:07
PAYEVT-000199,PAY-000100,ORD-000100,debit_card,226.23,,pending,2025-12-12 10:31:48
PAYEVT-000214,PAY-000107,ORD-000107,digital_wallet,196.66,pending,approved,2026-02-09 18:22:40
PAYEVT-000053,PAY-000027,ORD-000027,digital_wallet,552.44,,pending,2026-03-29 09:45:05
PAYEVT-000007,PAY-000004,ORD-000004,pse,23.25,,pending,2025-07-16 03:28:24
PAYEVT-000206,PAY-000103,ORD-000103,cash,985.66,pending,approved,2026-08-17 00:00:00
PAYEVT-000129,PAY-000065,ORD-000065,digital_wallet,1512.26,,pending,2026-06-27 17:39:05
PAYEVT-000274,PAY-000137,ORD-000137,debit_card,1200.32,pending,approved,2026-07-06 14:42:11
PAYEVT-000078,PAY-000039,ORD-000039,debit_card,386.01,pending,approved,2025-07-21 18:24:03
PAYEVT-000114,PAY-000057,ORD-000057,digital_wallet,155.26,pending,approved,2026-03-08 19:34:08
PAYEVT-000066,PAY-000033,ORD-000033,digital_wallet,101.72,pending,approved,2026-06-19 08:39:38
PAYEVT-000184,PAY-000092,ORD-000092,credit_card,1654.82,pending,approved,2026-06-07 13:43:30
PAYEVT-000152,PAY-000076,ORD-000076,digital_wallet,1002.62,pending,approved,2026-05-25 14:24:34
PAYEVT-000281,PAY-000141,ORD-000141,cash,306.82,,pending,2026-07-12 05:43:50
PAYEVT-000161,PAY-000081,ORD-000081,pse,790.23,,pending,2025-06-30 00:43:33
PAYEVT-000047,PAY-000024,ORD-000024,digital_wallet,1252.41,,pending,2025-04-29 17:44:52
PAYEVT-000191,PAY-000096,ORD-000096,credit_card,1013.47,,pending,2025-07-11 15:13:45
PAYEVT-000075,PAY-000038,ORD-000038,digital_wallet,289.19,,pending,2026-08-04 07:17:52
PAYEVT-000093,PAY-000047,ORD-000047,pse,325.33,,pending,2025-07-02 06:13:34
PAYEVT-000244,PAY-000122,ORD-000122,digital_wallet,859.74,pending,approved,2026-05-05 02:04:43
PAYEVT-000200,PAY-000100,ORD-000100,debit_card,226.23,pending,approved,2025-12-14 20:23:48
PAYEVT-000266,PAY-000133,ORD-000133,credit_card,151.92,pending,approved,2026-08-17 00:00:00
PAYEVT-000088,PAY-000044,ORD-000044,digital_wallet,297.67,pending,refunded,2026-05-16 00:39:51
PAYEVT-000240,PAY-000120,ORD-000120,debit_card,502.12,pending,approved,2025-11-02 03:56:54
PAYEVT-000144,PAY-000072,ORD-000072,cash,497.28,pending,approved,2026-07-14 04:25:04
PAYEVT-000024,PAY-000012,ORD-000012,digital_wallet,1079.93,pending,approved,2026-08-05 16:43:26
PAYEVT-000011,PAY-000006,ORD-000006,debit_card,325.42,,pending,2026-07-26 19:31:20
PAYEVT-000163,PAY-000082,ORD-000082,pse,346.85,,pending,2025-12-06 00:32:58
PAYEVT-000033,PAY-000017,ORD-000017,cash,838.06,,pending,2026-08-08 22:16:23
PAYEVT-000137,PAY-000069,ORD-000069,credit_card,946.37,,pending,2026-08-07 23:41:48
PAYEVT-000167,PAY-000084,ORD-000084,debit_card,362.75,,pending,2025-10-14 19:03:33
PAYEVT-000084,PAY-000042,ORD-000042,digital_wallet,1102.17,pending,approved,2026-08-08 20:49:28
PAYEVT-000156,PAY-000078,ORD-000078,credit_card,730.0,pending,refunded,2026-04-01 00:39:00
PAYEVT-000127,PAY-000064,ORD-000064,pse,407.5,,pending,2026-07-31 14:01:09
PAYEVT-000196,PAY-000098,ORD-000098,digital_wallet,174.34,pending,approved,2025-12-22 23:24:35
PAYEVT-000285,PAY-000143,ORD-000143,cash,455.57,,pending,2026-07-22 07:20:39
PAYEVT-000105,PAY-000053,ORD-000053,pse,414.84,,pending,2026-07-30 17:01:46
PAYEVT-000154,PAY-000077,ORD-000077,cash,1063.35,pending,approved,2026-06-19 20:47:04
PAYEVT-000227,PAY-000114,ORD-000114,debit_card,1470.56,,pending,2026-02-08 00:25:54
PAYEVT-000026,PAY-000013,ORD-000013,pse,1877.21,pending,approved,2026-03-06 21:54:42
PAYEVT-000197,PAY-000099,ORD-000099,credit_card,232.2,,pending,2026-06-12 01:24:12
PAYEVT-000065,PAY-000033,ORD-000033,digital_wallet,101.72,,pending,2026-06-17 15:42:38
PAYEVT-000016,PAY-000008,ORD-000008,cash,1227.79,pending,approved,2026-08-14 00:18:22
PAYEVT-000110,PAY-000055,ORD-000055,cash,279.87,pending,approved,2026-07-03 19:28:00
PAYEVT-000027,PAY-000014,ORD-000014,debit_card,203.48,,pending,2025-12-20 15:47:43
PAYEVT-000077,PAY-000039,ORD-000039,debit_card,386.01,,pending,2025-07-21 03:22:03
PAYEVT-000044,PAY-000022,ORD-000022,digital_wallet,1208.06,pending,approved,2025-10-22 07:04:36
PAYEVT-000004,PAY-000002,ORD-000002,digital_wallet,497.44,pending,approved,2026-04-06 23:51:07
PAYEVT-000050,PAY-000025,ORD-000025,credit_card,1164.99,pending,approved,2025-12-06 20:37:01
PAYEVT-000300,PAY-000150,ORD-000150,debit_card,1221.25,pending,approved,2026-06-19 04:47:36
PAYEVT-000031,PAY-000016,ORD-000016,credit_card,212.54,,pending,2026-06-06 22:44:10
PAYEVT-000122,PAY-000061,ORD-000061,credit_card,400.5,pending,refunded,2026-01-04 21:16:37
PAYEVT-000116,PAY-000058,ORD-000058,credit_card,567.7,pending,rejected,2026-03-16 02:41:30
PAYEVT-000287,PAY-000144,ORD-000144,debit_card,300.18,,pending,2026-08-11 18:09:47
PAYEVT-000217,PAY-000109,ORD-000109,cash,309.25,,pending,2026-05-11 07:48:17
PAYEVT-000265,PAY-000133,ORD-000133,credit_card,151.92,,pending,2026-08-15 20:00:21
PAYEVT-000210,PAY-000105,ORD-000105,cash,992.19,pending,approved,2026-07-01 12:22:56
PAYEVT-000002,PAY-000001,ORD-000001,pse,425.08,pending,approved,2026-08-02 04:50:48
PAYEVT-000023,PAY-000012,ORD-000012,digital_wallet,1079.93,,pending,2026-08-04 18:53:26
PAYEVT-000008,PAY-000004,ORD-000004,pse,23.25,pending,approved,2025-07-16 11:40:24
PAYEVT-000142,PAY-000071,ORD-000071,cash,830.6,pending,rejected,2026-07-29 01:42:15
PAYEVT-000087,PAY-000044,ORD-000044,digital_wallet,297.67,,pending,2026-05-13 07:19:51
PAYEVT-000242,PAY-000121,ORD-000121,debit_card,128.67,pending,approved,2026-06-20 16:18:37
PAYEVT-000216,PAY-000108,ORD-000108,credit_card,433.4,pending,approved,2025-04-12 12:42:26
PAYEVT-000069,PAY-000035,ORD-000035,credit_card,1187.63,,pending,2026-07-03 22:31:37
PAYEVT-000051,PAY-000026,ORD-000026,digital_wallet,135.72,,pending,2026-02-03 16:15:20
PAYEVT-000157,PAY-000079,ORD-000079,pse,503.26,,pending,2026-04-18 04:10:45
PAYEVT-000253,PAY-000127,ORD-000127,pse,298.85,,pending,2026-02-10 00:42:29
PAYEVT-000255,PAY-000128,ORD-000128,credit_card,308.48,,pending,2026-07-05 16:20:48
PAYEVT-000277,PAY-000139,ORD-000139,pse,1152.43,,pending,2026-04-14 14:26:22
PAYEVT-000179,PAY-000090,ORD-000090,debit_card,920.76,,pending,2025-09-13 01:17:13
PAYEVT-000282,PAY-000141,ORD-000141,cash,306.82,pending,approved,2026-07-14 21:51:50
PAYEVT-000238,PAY-000119,ORD-000119,digital_wallet,612.32,pending,approved,2025-11-07 10:35:53
PAYEVT-000072,PAY-000036,ORD-000036,digital_wallet,652.87,pending,approved,2026-04-24 01:52:46
PAYEVT-000130,PAY-000065,ORD-000065,digital_wallet,1512.26,pending,approved,2026-06-27 22:46:05
PAYEVT-000145,PAY-000073,ORD-000073,pse,862.55,,pending,2026-04-06 13:10:57
PAYEVT-000134,PAY-000067,ORD-000067,credit_card,928.15,pending,approved,2026-06-09 12:52:33
PAYEVT-000204,PAY-000102,ORD-000102,credit_card,1035.55,pending,approved,2026-05-31 10:25:12
PAYEVT-000256,PAY-000128,ORD-000128,credit_card,308.48,pending,approved,2026-07-08 01:14:48
PAYEVT-000073,PAY-000037,ORD-000037,credit_card,618.02,,pending,2026-06-29 09:45:11
PAYEVT-000236,PAY-000118,ORD-000118,debit_card,218.92,pending,refunded,2026-05-08 04:12:12
PAYEVT-000038,PAY-000019,ORD-000019,pse,346.32,pending,approved,2026-05-21 13:56:23
